EmpID, GivenName, SurName, Title
1000,Jayden,Austin, cyber analyst
1001,Erik,Perry, cyber analyst
1002,Joseph,Bryan,Helpdesk Technician
1003,Gordon,Watts, system admin
1004,Bernice,Rowe, Full-stack developer
1005,Keith,Powell,Helpdesk Technician
1006,Mason,Bates, Full-stack developer
1007,Myrtle,Burns,Helpdesk Technician
1008,Sam,Johnson, Full-stack developer
1009,Rebecca,Hines, system admin
1010,Danny,King, cyber analyst
1011,Edgar,Flores, cyber analyst
1012,Keith,Murray, Full-stack developer
1013,Eula,Lyons, cyber analyst
1014,Lucille,Neal, cyber analyst
1015,Carolyn,Reyes, Project manager
1016,Lucy,Houston, cyber analyst
1017,Timothy,Perkins, system admin
1018,Mildred,Sims, system admin
1019,Carl,Price, system admin
